scaffold_novel,error_bin,count,mean_true,mean_pred
0,<0.5,141,6.968687943262411,6.938414184397163
0,0.5-1.0,106,7.286698113207547,7.014416037735849
0,1.0-2.0,61,7.021229508196722,6.753590163934426
0,>2.0,15,6.496333333333334,5.980906666666667
1,<0.5,435,6.623850574712644,6.576099770114943
1,0.5-1.0,390,6.982025641025641,6.68313641025641
1,1.0-2.0,399,7.51171679197995,6.794900250626566
1,>2.0,51,8.08843137254902,6.25494705882353
