{
  "experiment_parameters": {
    "dataset": "bace_active_discovery.csv",
    "n_molecules": 1513,
    "high_activity_threshold_pIC50": 8.3979397,
    "n_high_activity": 79,
    "initial_random_queries": 30,
    "batch_size": 10,
    "total_budget": 150,
    "n_seeds": 20,
    "policies": [
      "random",
      "surrogate_active_search",
      "greedy_surrogate",
      "ucb_surrogate"
    ],
    "surrogate_model": "ExtraTreesRegressor(n_estimators=200, max_depth=15)",
    "evaluation_note": "Retrospective virtual screening; pIC50 used as oracle only for querying and final metrics."
  },
  "aggregated_metrics": {
    "random": {
      "recall_at_150": {
        "mean": 0.10886075949367088,
        "std": 0.03950502920082844,
        "values": [
          0.0379746835443038,
          0.10126582278481013,
          0.12658227848101267,
          0.0759493670886076,
          0.10126582278481013,
          0.16455696202531644,
          0.10126582278481013,
          0.1518987341772152,
          0.189873417721519,
          0.12658227848101267,
          0.12658227848101267,
          0.06329113924050633,
          0.11392405063291139,
          0.11392405063291139,
          0.0759493670886076,
          0.0379746835443038,
          0.16455696202531644,
          0.08860759493670886,
          0.08860759493670886,
          0.12658227848101267
        ]
      },
      "hit_rate_at_150": {
        "mean": 0.05733333333333333,
        "std": 0.020805982045769646,
        "values": [
          0.02,
          0.05333333333333334,
          0.06666666666666667,
          0.04,
          0.05333333333333334,
          0.08666666666666667,
          0.05333333333333334,
          0.08,
          0.1,
          0.06666666666666667,
          0.06666666666666667,
          0.03333333333333333,
          0.06,
          0.06,
          0.04,
          0.02,
          0.08666666666666667,
          0.04666666666666667,
          0.04666666666666667,
          0.06666666666666667
        ]
      },
      "enrichment_factor_at_150": {
        "mean": 1.098042194092827,
        "std": 0.3984740612056896,
        "values": [
          0.38303797468354434,
          1.0214345991561182,
          1.2767932489451477,
          0.7660759493670887,
          1.0214345991561182,
          1.659831223628692,
          1.0214345991561182,
          1.5321518987341773,
          1.9151898734177215,
          1.2767932489451477,
          1.2767932489451477,
          0.6383966244725738,
          1.149113924050633,
          1.149113924050633,
          0.7660759493670887,
          0.38303797468354434,
          1.659831223628692,
          0.8937552742616034,
          0.8937552742616034,
          1.2767932489451477
        ]
      },
      "best_pIC50_at_150": {
        "mean": 9.128506884999998,
        "std": 0.4905104521241032,
        "values": [
          8.6020603,
          9.1870871,
          9.0,
          9.0,
          8.7447271,
          9.0506096,
          9.0506096,
          10.522879,
          9.0,
          9.1549015,
          9.004365,
          8.6989698,
          9.0,
          8.7212467,
          9.0,
          9.1549015,
          10.522879,
          9.0,
          9.1549015,
          9.0
        ]
      }
    },
    "surrogate_active_search": {
      "recall_at_150": {
        "mean": 0.33291139240506334,
        "std": 0.08492340819098484,
        "values": [
          0.25316455696202533,
          0.25316455696202533,
          0.25316455696202533,
          0.189873417721519,
          0.34177215189873417,
          0.43037974683544306,
          0.4050632911392405,
          0.3670886075949367,
          0.3037974683544304,
          0.46835443037974683,
          0.25316455696202533,
          0.4177215189873418,
          0.4050632911392405,
          0.46835443037974683,
          0.3670886075949367,
          0.20253164556962025,
          0.35443037974683544,
          0.3924050632911392,
          0.24050632911392406,
          0.2911392405063291
        ]
      },
      "hit_rate_at_150": {
        "mean": 0.17533333333333329,
        "std": 0.044726328313918685,
        "values": [
          0.13333333333333333,
          0.13333333333333333,
          0.13333333333333333,
          0.1,
          0.18,
          0.22666666666666666,
          0.21333333333333335,
          0.19333333333333333,
          0.16,
          0.24666666666666667,
          0.13333333333333333,
          0.22,
          0.21333333333333335,
          0.24666666666666667,
          0.19333333333333333,
          0.10666666666666667,
          0.18666666666666668,
          0.20666666666666667,
          0.12666666666666668,
          0.15333333333333332
        ]
      },
      "enrichment_factor_at_150": {
        "mean": 3.357966244725739,
        "std": 0.8565941106197339,
        "values": [
          2.5535864978902953,
          2.5535864978902953,
          2.5535864978902953,
          1.9151898734177215,
          3.447341772151899,
          4.341097046413502,
          4.085738396624473,
          3.7027004219409285,
          3.0643037974683547,
          4.724135021097046,
          2.5535864978902953,
          4.213417721518987,
          4.085738396624473,
          4.724135021097046,
          3.7027004219409285,
          2.0428691983122365,
          3.5750210970464136,
          3.958059071729958,
          2.425907172995781,
          2.9366244725738397
        ]
      },
      "best_pIC50_at_150": {
        "mean": 9.364507034999999,
        "std": 0.5827724842976564,
        "values": [
          9.0,
          10.522879,
          9.0,
          10.522879,
          9.004365,
          9.1549015,
          9.1549015,
          10.522879,
          9.0,
          9.004365,
          9.004365,
          9.0506096,
          9.1549015,
          9.0506096,
          9.1549015,
          9.0,
          9.1549015,
          10.522879,
          9.1549015,
          9.1549015
        ]
      }
    },
    "greedy_surrogate": {
      "recall_at_150": {
        "mean": 0.33291139240506334,
        "std": 0.08492340819098484,
        "values": [
          0.25316455696202533,
          0.25316455696202533,
          0.25316455696202533,
          0.189873417721519,
          0.34177215189873417,
          0.43037974683544306,
          0.4050632911392405,
          0.3670886075949367,
          0.3037974683544304,
          0.46835443037974683,
          0.25316455696202533,
          0.4177215189873418,
          0.4050632911392405,
          0.46835443037974683,
          0.3670886075949367,
          0.20253164556962025,
          0.35443037974683544,
          0.3924050632911392,
          0.24050632911392406,
          0.2911392405063291
        ]
      },
      "hit_rate_at_150": {
        "mean": 0.17533333333333329,
        "std": 0.044726328313918685,
        "values": [
          0.13333333333333333,
          0.13333333333333333,
          0.13333333333333333,
          0.1,
          0.18,
          0.22666666666666666,
          0.21333333333333335,
          0.19333333333333333,
          0.16,
          0.24666666666666667,
          0.13333333333333333,
          0.22,
          0.21333333333333335,
          0.24666666666666667,
          0.19333333333333333,
          0.10666666666666667,
          0.18666666666666668,
          0.20666666666666667,
          0.12666666666666668,
          0.15333333333333332
        ]
      },
      "enrichment_factor_at_150": {
        "mean": 3.357966244725739,
        "std": 0.8565941106197339,