{
  "benchmark": "MoleculeNet ESOL",
  "metrics": {
    "mae": 0.6028445624467436,
    "r2": 0.7385620569691838,
    "rmse": 0.7406907826664041
  },
  "n_test": 254,
  "task": "aqueous solubility regression"
}