{
  "benchmark": "MoleculeNet ESOL",
  "metrics": {
    "mae": 0.6058365261083307,
    "r2": 0.7032120053248386,
    "rmse": 0.7891795011466725
  },
  "n_test": 254,
  "task": "aqueous solubility regression"
}