{
  "benchmark": "MoleculeNet ESOL",
  "metrics": {
    "mae": 0.5533760905511811,
    "r2": 0.7778016553722064,
    "rmse": 0.6828464262888031
  },
  "n_test": 254,
  "task": "aqueous solubility regression"
}