fold,n_train,n_test,selected_model,mae,rmse,r2
0,249,63,GradientBoosting,111.44341074122258,164.31952565062616,0.6841543576016019
1,249,63,RandomForest,83.20119047619052,114.71876777871475,0.8424873129172823
2,250,62,GradientBoosting,80.30605027673145,118.63266609471542,0.8334475690672252
3,250,62,RandomForest,95.9887903225808,128.7281886718756,0.8579897915490811
4,250,62,GradientBoosting,91.97983944951442,159.27572341439745,0.6885817201936876
