{
  "benchmark": "ChEMU 2020 Task 1 sample v3",
  "task": "chemical synthesis named entity extraction",
  "exact_match": {
    "true_positives": 49,
    "predicted": 86,
    "gold": 92,
    "precision": 0.5697674418604651,
    "recall": 0.532608695652174,
    "f1": 0.5505617977528091
  },
  "relaxed_match": {
    "true_positives": 62,
    "predicted": 86,
    "gold": 92,
    "precision": 0.7209302325581395,
    "recall": 0.6739130434782609,
    "f1": 0.6966292134831461
  },
  "per_label_exact_match": {
    "EXAMPLE_LABEL": {
      "true_positives": 0,
      "predicted": 6,
      "gold": 6,
      "precision": 0.0,
      "recall": 0.0,
      "f1": 0.0
    },
    "OTHER_COMPOUND": {
      "true_positives": 5,
      "predicted": 12,
      "gold": 22,
      "precision": 0.4166666666666667,
      "recall": 0.22727272727272727,
      "f1": 0.29411764705882354
    },
    "REACTION_PRODUCT": {
      "true_positives": 6,
      "predicted": 7,
      "gold": 13,
      "precision": 0.8571428571428571,
      "recall": 0.46153846153846156,
      "f1": 0.6
    },
    "REAGENT_CATALYST": {
      "true_positives": 3,
      "predicted": 6,
      "gold": 7,
      "precision": 0.5,
      "recall": 0.42857142857142855,
      "f1": 0.4615384615384615
    },
    "SOLVENT": {
      "true_positives": 8,
      "predicted": 21,
      "gold": 8,
      "precision": 0.38095238095238093,
      "recall": 1.0,
      "f1": 0.5517241379310345
    },
    "STARTING_MATERIAL": {
      "true_positives": 5,
      "predicted": 6,
      "gold": 8,
      "precision": 0.8333333333333334,
      "recall": 0.625,
      "f1": 0.7142857142857143
    },
    "TEMPERATURE": {
      "true_positives": 10,
      "predicted": 10,
      "gold": 10,
      "precision": 1.0,
      "recall": 1.0,
      "f1": 1.0
    },
    "TIME": {
      "true_positives": 6,
      "predicted": 6,
      "gold": 6,
      "precision": 1.0,
      "recall": 1.0,
      "f1": 1.0
    },
    "YIELD_OTHER": {
      "true_positives": 0,
      "predicted": 6,
      "gold": 6,
      "precision": 0.0,
      "recall": 0.0,
      "f1": 0.0
    },
    "YIELD_PERCENT": {
      "true_positives": 6,
      "predicted": 6,
      "gold": 6,
      "precision": 1.0,
      "recall": 1.0,
      "f1": 1.0
    }
  }
}